scenario,igs_score,igs_score_gain,place_score,place_score_gain,economy_score,economy_score_gain,community_score,community_score_gain
Housing Affordability,37.25252038615728,10.25252038615728,37.56609764916514,16.566097649165137,30.3936361752733,10.3936361752733,46.226278765078526,6.226278765078526
Early Education,37.252520386157286,10.252520386157286,39.92755280490711,18.92755280490711,30.584290385151004,10.584290385151004,46.35179380508163,6.351793805081627
Business Support,37.52340927504617,10.52340927504617,37.528812499493824,16.528812499493824,30.75523527463923,10.75523527463923,41.732888647286295,1.7328886472862948
Combined,37.52340927504617,10.52340927504617,39.890267655235796,18.890267655235796,30.94588948451695,10.94588948451695,41.732888647286295,1.7328886472862948
