feature,importance
income_growth,0.20452870541282808
broadband_access_pct,0.16335207254196327
housing_cost_burden_pct,0.1620314205934719
median_income,0.14758933967602467
minority_owned_businesses_pct,0.1276202352835032
early_education_enrollment_pct,0.05853821255417616
housing_burden_change,0.043039984643626523
early_ed_growth,0.035571937910022375
broadband_growth,0.03260051155513328
minority_business_growth,0.02512757982925069
