feature,importance
housing_cost_burden_pct,0.4262948549891675
median_income,0.14135070406749847
broadband_growth,0.1329300887514333
broadband_access_pct,0.07411073271458547
early_education_enrollment_pct,0.07065309880000414
minority_owned_businesses_pct,0.059104987268809646
income_growth,0.04845974176777117
early_ed_growth,0.02377969293672775
minority_business_growth,0.01543290677503829
housing_burden_change,0.007883191928964181
