feature,importance
housing_cost_burden_pct,0.42629786316138835
median_income,0.20339398863484523
broadband_access_pct,0.17764136288068716
early_ed_growth,0.05090677943558114
early_education_enrollment_pct,0.04461252862957046
housing_burden_change,0.0405672496306234
minority_owned_businesses_pct,0.027771287342527637
income_growth,0.017559608623379675
broadband_growth,0.007982328350222372
minority_business_growth,0.0032670033111746725
