feature,importance
early_ed_growth,0.24360405728988474
housing_cost_burden_pct,0.22314597511666
median_income,0.18864054408983233
broadband_access_pct,0.12120422284619409
broadband_growth,0.052140547363431225
minority_owned_businesses_pct,0.051208235054771796
minority_business_growth,0.03642807782425167
early_education_enrollment_pct,0.03446169507512396
income_growth,0.02511089092824097
housing_burden_change,0.02405575441160911
